<?xml version="1.0" encoding="utf-8"?>
<doctrine-mapping xmlns="http://doctrine-project.org/schemas/orm/doctrine-mapping" xmlns:xsi="http://www.w3.org/2001/XMLSchema-instance" xsi:schemaLocation="http://doctrine-project.org/schemas/orm/doctrine-mapping http://doctrine-project.org/schemas/orm/doctrine-mapping.xsd">
  <entity name="Bitacora" table="bitacora">
    <id name="id" type="integer" column="id">
      <generator strategy="SEQUENCE"/>
    </id>
    <field name="biAccion" type="string" column="bi_accion" length="50" nullable="false"/>
    <field name="biFecha" type="datetime" column="bi_fecha" nullable="false"/>
    <many-to-one field="idUsuario" target-entity="Usuario">
      <join-columns>
        <join-column name="id_usuario" referenced-column-name="id"/>
      </join-columns>
    </many-to-one>
  </entity>
</doctrine-mapping>
