<?xml version="1.0" encoding="utf-8"?>
<doctrine-mapping xmlns="http://doctrine-project.org/schemas/orm/doctrine-mapping" xmlns:xsi="http://www.w3.org/2001/XMLSchema-instance" xsi:schemaLocation="http://doctrine-project.org/schemas/orm/doctrine-mapping http://doctrine-project.org/schemas/orm/doctrine-mapping.xsd">
  <entity name="EstudioRadiologico" table="estudio_radiologico">
    <id name="id" type="integer" column="id">
      <generator strategy="SEQUENCE"/>
    </id>
    <field name="erEdadPaciente" type="smallint" column="er_edad_paciente" nullable="false"/>
    <field name="idempleado" type="string" column="idempleado" length="7" nullable="false"/>
    <many-to-one field="idSolicitud" target-entity="Solicitud">
      <join-columns>
        <join-column name="id_solicitud" referenced-column-name="id"/>
      </join-columns>
    </many-to-one>
  </entity>
</doctrine-mapping>
