<?xml version="1.0" encoding="utf-8"?>
<doctrine-mapping xmlns="http://doctrine-project.org/schemas/orm/doctrine-mapping" xmlns:xsi="http://www.w3.org/2001/XMLSchema-instance" xsi:schemaLocation="http://doctrine-project.org/schemas/orm/doctrine-mapping http://doctrine-project.org/schemas/orm/doctrine-mapping.xsd">
  <entity name="EstudioArea" table="estudio_area">
    <id name="id" type="integer" column="id">
      <generator strategy="SEQUENCE"/>
    </id>
    <field name="estadoEstudioArea" type="smallint" column="estado_estudio_area" nullable="false"/>
    <many-to-one field="idArea" target-entity="Area">
      <join-columns>
        <join-column name="id_area" referenced-column-name="id"/>
      </join-columns>
    </many-to-one>
    <many-to-one field="idEstudio" target-entity="Estudio">
      <join-columns>
        <join-column name="id_estudio" referenced-column-name="id"/>
      </join-columns>
    </many-to-one>
  </entity>
</doctrine-mapping>
