<?xml version="1.0" encoding="utf-8"?>
<doctrine-mapping xmlns="http://doctrine-project.org/schemas/orm/doctrine-mapping" xmlns:xsi="http://www.w3.org/2001/XMLSchema-instance" xsi:schemaLocation="http://doctrine-project.org/schemas/orm/doctrine-mapping http://doctrine-project.org/schemas/orm/doctrine-mapping.xsd">
  <entity name="UsuarioRol" table="usuario_rol">
    <id name="id" type="integer" column="id">
      <generator strategy="SEQUENCE"/>
    </id>
    <field name="usroPredeterminado" type="smallint" column="usro_predeterminado" nullable="true"/>
    <many-to-one field="idRol" target-entity="Rol">
      <join-columns>
        <join-column name="id_rol" referenced-column-name="id"/>
      </join-columns>
    </many-to-one>
    <many-to-one field="idUsuario" target-entity="Usuario">
      <join-columns>
        <join-column name="id_usuario" referenced-column-name="id"/>
      </join-columns>
    </many-to-one>
  </entity>
</doctrine-mapping>
